Institution;Nom;Naam;Catégorie;Categorie;Langue;Taal;Type de tarification;Soort tarifering;Type d'accueil;Soort opvang;Statut;Status;Adresse;Adres;Code postal;Commune;Gemeente;Lien web;Weblink;Google Maps;Google Street View;Geo Point;Geo Shape;source;last_modified
Kind&Gezin;Baby Louise;Baby Louise;Crèche ou accueillant.e néerlandophone non-subventionnée;Niet-gesubsidieerde Nederlandstalige crèche of onthaalouder;Néerlandais;Nederlands;tarification libre;vrije prijs;Accueil en groupe;Groepsopvang;non-subventionné;Niet-gesubsidieerd;Avenue Louise 119;Louizalaan 119;1050;Bruxelles;Brussel;https://www.kindengezin.be/nl/thema/kinderopvang-en-naar-school/zoek-een-opvang;https://www.kindengezin.be/nl/thema/kinderopvang-en-naar-school/zoek-een-opvang;googlemaps0%2C4.360183854367613;https://www.google.com/maps/@?api=1&map_action=pano&viewpoint=50.83029314526629%2C4.360183854367613;50.8302931453, 4.3601838544;"{""coordinates"": [4.3601838544, 50.8302931453], ""type"": ""Point""}";Kind&Gezin;2025-12-17T01:00:00+01:00
Kind&Gezin;Mères et Femmes;Mères et Femmes;Crèche ou accueillant.e néerlandophone non-subventionnée;Niet-gesubsidieerde Nederlandstalige crèche of onthaalouder;Néerlandais;Nederlands;tarification libre;vrije prijs;Accueil en groupe;Groepsopvang;non-subventionné;Niet-gesubsidieerd;Rue Edmond Tollenaere 94;Edmond Tollenaerestraat 94;1020;Bruxelles;Brussel;https://www.kindengezin.be/nl/thema/kinderopvang-en-naar-school/zoek-een-opvang;https://www.kindengezin.be/nl/thema/kinderopvang-en-naar-school/zoek-een-opvang;googlemaps0%2C4.339965951966275;https://www.google.com/maps/@?api=1&map_action=pano&viewpoint=50.87632058601192%2C4.339965951966275;50.876320586, 4.339965952;"{""coordinates"": [4.339965952, 50.876320586], ""type"": ""Point""}";Kind&Gezin;2025-12-17T01:00:00+01:00
Kind&Gezin;Rire et Grandir/Groeien en Lachen;Rire et Grandir/Groeien en Lachen;Crèche ou accueillant.e néerlandophone non-subventionnée;Niet-gesubsidieerde Nederlandstalige crèche of onthaalouder;Néerlandais;Nederlands;tarification libre;vrije prijs;Accueil en groupe;Groepsopvang;non-subventionné;Niet-gesubsidieerd;Avenue du Port 86;Havenlaan 86;1000;Bruxelles;Brussel;https://www.kindengezin.be/nl/thema/kinderopvang-en-naar-school/zoek-een-opvang;https://www.kindengezin.be/nl/thema/kinderopvang-en-naar-school/zoek-een-opvang;googlemaps0%2C4.348662800000487;https://www.google.com/maps/@?api=1&map_action=pano&viewpoint=50.86480190000223%2C4.348662800000487;50.8648019, 4.3486628;"{""coordinates"": [4.3486628, 50.8648019], ""type"": ""Point""}";Kind&Gezin;2025-12-17T01:00:00+01:00
Kind&Gezin;;;Crèche ou accueillant.e néerlandophone subventionnée;Gesubsidieerde Nederlandstalige crèche of onthaalouder;Néerlandais;Nederlands;tarification liée au revenu;inkomenstarief;Accueil familial;Gezinsopvang;subventionné;Gesubsidieerd;Rue Bruyn 235;Bruynstraat 235;1120;Bruxelles;Brussel;https://www.kindengezin.be/nl/thema/kinderopvang-en-naar-school/zoek-een-opvang;https://www.kindengezin.be/nl/thema/kinderopvang-en-naar-school/zoek-een-opvang;googlemaps0%2C4.389556292428201;https://www.google.com/maps/@?api=1&map_action=pano&viewpoint=50.90925563567459%2C4.389556292428201;50.9092556357, 4.3895562924;"{""coordinates"": [4.3895562924, 50.9092556357], ""type"": ""Point""}";Kind&Gezin;2025-12-17T01:00:00+01:00
ONE;SNOOPY;SNOOPY;Crèche ou accueillant.e francophone non-subventionnée;Niet-gesubsidieerde Franstalige crèche of onthaalouder;Français;Frans;;;Crèche;Crèche;non-subventionné;Niet-gesubsidieerd;site de l hopital militaire, rue bruyn 1;site de l hopital militaire, rue bruyn 1;1120;Bruxelles;Brussel;https://www.cdsca-ocasc.be/fr/creches;https://www.cdsca-ocasc.be/fr/creches;googlemaps0%2C4.390303300000491;https://www.google.com/maps/@?api=1&map_action=pano&viewpoint=50.90718350000211%2C4.390303300000491;50.9071835, 4.3903033;"{""coordinates"": [4.3903033, 50.9071835], ""type"": ""Point""}";ONE;2026-03-03T01:00:00+01:00
ONE;;;Crèche ou accueillant.e francophone subventionnée;Gesubsidieerde Franstalige crèche of onthaalouder;Français;Frans;;;Accueillant.e subventionné.e;Gesubsidieerde onthaalouder;subventionné;Gesubsidieerd;rue stevens delannoy;rue stevens delannoy;1020;Bruxelles;Brussel;https://my.one.be/milieu-accueil/8943;https://my.one.be/milieu-accueil/8943;googlemaps0%2C4.341507100000491;https://www.google.com/maps/@?api=1&map_action=pano&viewpoint=50.88837210000217%2C4.341507100000491;50.8883721, 4.3415071;"{""coordinates"": [4.3415071, 50.8883721], ""type"": ""Point""}";ONE;2026-03-03T01:00:00+01:00
ONE;Emile Jacquemain;Emile Jacquemain;Crèche ou accueillant.e francophone subventionnée;Gesubsidieerde Franstalige crèche of onthaalouder;Français;Frans;;;Crèche;Crèche;subventionné;Gesubsidieerd;rue veronaˆse 19A;rue veronaˆse 19A;1000;Bruxelles;Brussel;https://creches.brussels.be/fr;https://creches.brussels.be/fr;googlemaps0%2C4.387394000000488;https://www.google.com/maps/@?api=1&map_action=pano&viewpoint=50.8463620000023%2C4.387394000000488;50.846362, 4.387394;"{""coordinates"": [4.387394, 50.846362], ""type"": ""Point""}";ONE;2026-03-03T01:00:00+01:00
ONE;Andree Geulen;Andree Geulen;Crèche ou accueillant.e francophone subventionnée;Gesubsidieerde Franstalige crèche of onthaalouder;Français;Frans;;;Crèche;Crèche;subventionné;Gesubsidieerd;rue sainte therese 7;rue sainte therese 7;1000;Bruxelles;Brussel;https://creches.brussels.be/fr;https://creches.brussels.be/fr;googlemaps0%2C4.343945200000489;https://www.google.com/maps/@?api=1&map_action=pano&viewpoint=50.8366261000023%2C4.343945200000489;50.8366261, 4.3439452;"{""coordinates"": [4.3439452, 50.8366261], ""type"": ""Point""}";ONE;2026-03-03T01:00:00+01:00
ONE;Felix Sterckx;Felix Sterckx;Crèche ou accueillant.e francophone subventionnée;Gesubsidieerde Franstalige crèche of onthaalouder;Français;Frans;;;Crèche;Crèche;subventionné;Gesubsidieerd;rue felix sterckx 18;felix sterckxstraat 18;1020;Bruxelles;Brussel;https://creches.brussels.be/fr;https://creches.brussels.be/fr;googlemaps0%2C4.339438572214127;https://www.google.com/maps/@?api=1&map_action=pano&viewpoint=50.88924560428316%2C4.339438572214127;50.8892456043, 4.3394385722;"{""coordinates"": [4.3394385722, 50.8892456043], ""type"": ""Point""}";ONE;2026-03-03T01:00:00+01:00
ONE;Princesse Josephine Charlotte;Princesse Josephine Charlotte;Crèche ou accueillant.e francophone subventionnée;Gesubsidieerde Franstalige crèche of onthaalouder;Français;Frans;;;Crèche;Crèche;subventionné;Gesubsidieerd;rue des charpentiers 2;timmerliedenstraat 2;1000;Bruxelles;Brussel;https://creches.brussels.be/fr;https://creches.brussels.be/fr;googlemaps0%2C4.346871171123332;https://www.google.com/maps/@?api=1&map_action=pano&viewpoint=50.835759825538624%2C4.346871171123332;50.8357598255, 4.3468711711;"{""coordinates"": [4.3468711711, 50.8357598255], ""type"": ""Point""}";ONE;2026-03-03T01:00:00+01:00
ONE;Mario Ramos;Mario Ramos;Crèche ou accueillant.e francophone subventionnée;Gesubsidieerde Franstalige crèche of onthaalouder;Français;Frans;;;Crèche;Crèche;subventionné;Gesubsidieerd;rue locquenghien 20;locquenghienstraat 20;1000;Bruxelles;Brussel;https://creches.brussels.be/fr;https://creches.brussels.be/fr;googlemaps0%2C4.344269115147316;https://www.google.com/maps/@?api=1&map_action=pano&viewpoint=50.85379482858039%2C4.344269115147316;50.8537948286, 4.3442691151;"{""coordinates"": [4.3442691151, 50.8537948286], ""type"": ""Point""}";ONE;2026-03-03T01:00:00+01:00
ONE;;;Crèche ou accueillant.e francophone subventionnée;Gesubsidieerde Franstalige crèche of onthaalouder;Français;Frans;;;Accueillant.e subventionné.e;Gesubsidieerde onthaalouder;subventionné;Gesubsidieerd;harenberg;harenberg;1130;Bruxelles;Brussel;https://my.one.be/milieu-accueil/9309;https://my.one.be/milieu-accueil/9309;googlemaps0%2C4.4138810000004876;https://www.google.com/maps/@?api=1&map_action=pano&viewpoint=50.89181640000218%2C4.4138810000004876;50.8918164, 4.413881;"{""coordinates"": [4.413881, 50.8918164], ""type"": ""Point""}";ONE;2026-03-03T01:00:00+01:00
ONE;Bruyn;Bruyn;Crèche ou accueillant.e francophone subventionnée;Gesubsidieerde Franstalige crèche of onthaalouder;Français;Frans;;;Crèche;Crèche;subventionné;Gesubsidieerd;rue bruyn 110;bruynstraat 110;1120;Bruxelles;Brussel;https://creches.brussels.be/fr;https://creches.brussels.be/fr;googlemaps0%2C4.38704516790028;https://www.google.com/maps/@?api=1&map_action=pano&viewpoint=50.903529485305675%2C4.38704516790028;50.9035294853, 4.3870451679;"{""coordinates"": [4.3870451679, 50.9035294853], ""type"": ""Point""}";ONE;2026-03-03T01:00:00+01:00
ONE;Gabrielle Petit;Gabrielle Petit;Crèche ou accueillant.e francophone subventionnée;Gesubsidieerde Franstalige crèche of onthaalouder;Français;Frans;;;Crèche;Crèche;subventionné;Gesubsidieerd;avenue impaˆša©ratrice charlotte 1;avenue impaˆša©ratrice charlotte 1;1020;Bruxelles;Brussel;https://creches.brussels.be/fr;https://creches.brussels.be/fr;googlemaps0%2C4.332119000000491;https://www.google.com/maps/@?api=1&map_action=pano&viewpoint=50.89735000000216%2C4.332119000000491;50.89735, 4.332119;"{""coordinates"": [4.332119, 50.89735], ""type"": ""Point""}";ONE;2026-03-03T01:00:00+01:00
ONE;Saint Antoine;Saint Antoine;Crèche ou accueillant.e francophone subventionnée;Gesubsidieerde Franstalige crèche of onthaalouder;Français;Frans;;;Crèche;Crèche;subventionné;Gesubsidieerd;rue des capucins 34;kapucijnenstraat 34;1000;Bruxelles;Brussel;https://my.one.be/milieu-accueil/2195;https://my.one.be/milieu-accueil/2195;googlemaps0%2C4.34714427950738;https://www.google.com/maps/@?api=1&map_action=pano&viewpoint=50.83833008268411%2C4.34714427950738;50.8383300827, 4.3471442795;"{""coordinates"": [4.3471442795, 50.8383300827], ""type"": ""Point""}";ONE;2026-03-03T01:00:00+01:00
ONE;Creche du beguinage;Creche du beguinage;Crèche ou accueillant.e francophone subventionnée;Gesubsidieerde Franstalige crèche of onthaalouder;Français;Frans;;;Crèche;Crèche;subventionné;Gesubsidieerd;rue du beguinage 34;begijnhofstraat 34;1000;Bruxelles;Brussel;www.asbl-mmi.be;www.asbl-mmi.be;googlemaps0%2C4.348536853772159;https://www.google.com/maps/@?api=1&map_action=pano&viewpoint=50.85329669139331%2C4.348536853772159;50.8532966914, 4.3485368538;"{""coordinates"": [4.3485368538, 50.8532966914], ""type"": ""Point""}";ONE;2026-03-03T01:00:00+01:00
ONE;Pagodes;Pagodes;Crèche ou accueillant.e francophone subventionnée;Gesubsidieerde Franstalige crèche of onthaalouder;Français;Frans;;;Crèche;Crèche;subventionné;Gesubsidieerd;avenue des pagodes 301;pagodenlaan 301;1020;Bruxelles;Brussel;https://creches.brussels.be/fr;https://creches.brussels.be/fr;googlemaps0%2C4.367954515651962;https://www.google.com/maps/@?api=1&map_action=pano&viewpoint=50.89504620102676%2C4.367954515651962;50.895046201, 4.3679545157;"{""coordinates"": [4.3679545157, 50.895046201], ""type"": ""Point""}";ONE;2026-03-03T01:00:00+01:00
ONE;Magnolias;Magnolias;Crèche ou accueillant.e francophone subventionnée;Gesubsidieerde Franstalige crèche of onthaalouder;Français;Frans;;;Crèche;Crèche;subventionné;Gesubsidieerd;avenue des magnolias 7;magnolialaan 7;1020;Bruxelles;Brussel;https://creches.brussels.be/fr;https://creches.brussels.be/fr;googlemaps0%2C4.330647501447876;https://www.google.com/maps/@?api=1&map_action=pano&viewpoint=50.89774797031636%2C4.330647501447876;50.8977479703, 4.3306475014;"{""coordinates"": [4.3306475014, 50.8977479703], ""type"": ""Point""}";ONE;2026-03-03T01:00:00+01:00
Kind&Gezin;De Ketjes;De Ketjes;Crèche ou accueillant.e néerlandophone subventionnée;Gesubsidieerde Nederlandstalige crèche of onthaalouder;Néerlandais;Nederlands;tarification liée au revenu;inkomenstarief;Accueil en groupe;Groepsopvang;subventionné;Gesubsidieerd;Rue du Damier 25;Dambordstraat 25;1000;Bruxelles;Brussel;https://www.kindengezin.be/nl/thema/kinderopvang-en-naar-school/zoek-een-opvang;https://www.kindengezin.be/nl/thema/kinderopvang-en-naar-school/zoek-een-opvang;googlemaps0%2C4.358284868491495;https://www.google.com/maps/@?api=1&map_action=pano&viewpoint=50.85305718125866%2C4.358284868491495;50.8530571813, 4.3582848685;"{""coordinates"": [4.3582848685, 50.8530571813], ""type"": ""Point""}";Kind&Gezin;2025-12-17T01:00:00+01:00
Kind&Gezin;Wittouck;Wittouck;Crèche ou accueillant.e néerlandophone subventionnée;Gesubsidieerde Nederlandstalige crèche of onthaalouder;Néerlandais;Nederlands;tarification liée au revenu;inkomenstarief;Accueil en groupe;Groepsopvang;subventionné;Gesubsidieerd;Avenue Richard Neybergh 6;Richard Neyberghlaan 6;1020;Bruxelles;Brussel;https://www.kindengezin.be/nl/thema/kinderopvang-en-naar-school/zoek-een-opvang;https://www.kindengezin.be/nl/thema/kinderopvang-en-naar-school/zoek-een-opvang;googlemaps0%2C4.345923296069139;https://www.google.com/maps/@?api=1&map_action=pano&viewpoint=50.87703085933021%2C4.345923296069139;50.8770308593, 4.3459232961;"{""coordinates"": [4.3459232961, 50.8770308593], ""type"": ""Point""}";Kind&Gezin;2025-12-17T01:00:00+01:00
Kind&Gezin;Crèche Les Apprentis ' Sages;Crèche Les Apprentis ' Sages;Crèche ou accueillant.e néerlandophone non-subventionnée;Niet-gesubsidieerde Nederlandstalige crèche of onthaalouder;Néerlandais;Nederlands;tarification libre;vrije prijs;Accueil en groupe;Groepsopvang;non-subventionné;Niet-gesubsidieerd;Rue Stuyvenbergh 33;Stuivenbergstraat 33;1020;Bruxelles;Brussel;https://www.kindengezin.be/nl/thema/kinderopvang-en-naar-school/zoek-een-opvang;https://www.kindengezin.be/nl/thema/kinderopvang-en-naar-school/zoek-een-opvang;googlemaps0%2C4.337375681934672;https://www.google.com/maps/@?api=1&map_action=pano&viewpoint=50.88798991860805%2C4.337375681934672;50.8879899186, 4.3373756819;"{""coordinates"": [4.3373756819, 50.8879899186], ""type"": ""Point""}";Kind&Gezin;2025-12-17T01:00:00+01:00
Kind&Gezin;;;Crèche ou accueillant.e néerlandophone subventionnée;Gesubsidieerde Nederlandstalige crèche of onthaalouder;Néerlandais;Nederlands;tarification liée au revenu;inkomenstarief;Accueil familial;Gezinsopvang;subventionné;Gesubsidieerd;Rue Bruyn 231;Bruynstraat 231;1120;Bruxelles;Brussel;https://www.kindengezin.be/nl/thema/kinderopvang-en-naar-school/zoek-een-opvang;https://www.kindengezin.be/nl/thema/kinderopvang-en-naar-school/zoek-een-opvang;googlemaps0%2C4.389654511524196;https://www.google.com/maps/@?api=1&map_action=pano&viewpoint=50.90919233262859%2C4.389654511524196;50.9091923326, 4.3896545115;"{""coordinates"": [4.3896545115, 50.9091923326], ""type"": ""Point""}";Kind&Gezin;2025-12-17T01:00:00+01:00
ONE;Kiwidoux Ixelles;Kiwidoux Ixelles;Crèche ou accueillant.e francophone non-subventionnée;Niet-gesubsidieerde Franstalige crèche of onthaalouder;Français;Frans;;;Crèche;Crèche;non-subventionné;Niet-gesubsidieerd;chaussaˆša©e de vleurgat 277;chaussaˆša©e de vleurgat 277;1000;Bruxelles;Brussel;https://my.one.be/milieu-accueil/10052355;https://my.one.be/milieu-accueil/10052355;googlemaps0%2C4.367379300000487;https://www.google.com/maps/@?api=1&map_action=pano&viewpoint=50.823160700002326%2C4.367379300000487;50.8231607, 4.3673793;"{""coordinates"": [4.3673793, 50.8231607], ""type"": ""Point""}";ONE;2026-03-03T01:00:00+01:00
ONE;LE TREFLE A 4 FEUILLES III;LE TREFLE A 4 FEUILLES III;Crèche ou accueillant.e francophone non-subventionnée;Niet-gesubsidieerde Franstalige crèche of onthaalouder;Français;Frans;;;Crèche;Crèche;non-subventionné;Niet-gesubsidieerd;rue froissart 123;froissartstraat 123;1040;Bruxelles;Brussel;www.esedraservices.com;www.esedraservices.com;googlemaps0%2C4.383239335098349;https://www.google.com/maps/@?api=1&map_action=pano&viewpoint=50.841248787228714%2C4.383239335098349;50.8412487872, 4.3832393351;"{""coordinates"": [4.3832393351, 50.8412487872], ""type"": ""Point""}";ONE;2026-03-03T01:00:00+01:00
ONE;;;Crèche ou accueillant.e francophone subventionnée;Gesubsidieerde Franstalige crèche of onthaalouder;Français;Frans;;;Accueillant.e subventionné.e;Gesubsidieerde onthaalouder;subventionné;Gesubsidieerd;rue zandbergen;rue zandbergen;1020;Bruxelles;Brussel;https://my.one.be/milieu-accueil/9736;https://my.one.be/milieu-accueil/9736;googlemaps0%2C4.35143090000049;https://www.google.com/maps/@?api=1&map_action=pano&viewpoint=50.87098110000221%2C4.35143090000049;50.8709811, 4.3514309;"{""coordinates"": [4.3514309, 50.8709811], ""type"": ""Point""}";ONE;2026-03-03T01:00:00+01:00
ONE;Espaces Enfance 7;Espaces Enfance 7;Crèche ou accueillant.e francophone subventionnée;Gesubsidieerde Franstalige crèche of onthaalouder;Français;Frans;;;Crèche;Crèche;subventionné;Gesubsidieerd;rue des ursulines 6;ursulinenstraat 6;1000;Bruxelles;Brussel;https://my.one.be/milieu-accueil/7214;https://my.one.be/milieu-accueil/7214;googlemaps0%2C4.349835641978237;https://www.google.com/maps/@?api=1&map_action=pano&viewpoint=50.84212860029361%2C4.349835641978237;50.8421286003, 4.349835642;"{""coordinates"": [4.349835642, 50.8421286003], ""type"": ""Point""}";ONE;2026-03-03T01:00:00+01:00
ONE;Tivoli;Tivoli;Crèche ou accueillant.e francophone subventionnée;Gesubsidieerde Franstalige crèche of onthaalouder;Français;Frans;;;Crèche;Crèche;subventionné;Gesubsidieerd;rue du tivoli 13;tivolistraat 13;1020;Bruxelles;Brussel;https://creches.brussels.be/fr;https://creches.brussels.be/fr;googlemaps0%2C4.354713810105394;https://www.google.com/maps/@?api=1&map_action=pano&viewpoint=50.87200770216075%2C4.354713810105394;50.8720077022, 4.3547138101;"{""coordinates"": [4.3547138101, 50.8720077022], ""type"": ""Point""}";ONE;2026-03-03T01:00:00+01:00
ONE;Wangari Maathai;Wangari Maathai;Crèche ou accueillant.e francophone subventionnée;Gesubsidieerde Franstalige crèche of onthaalouder;Français;Frans;;;Crèche;Crèche;subventionné;Gesubsidieerd;rue yvonne naƒa¨vejean 9;rue yvonne naƒa¨vejean 9;1020;Bruxelles;Brussel;https://creches.brussels.be/fr;https://creches.brussels.be/fr;googlemaps0%2C4.3526648000004915;https://www.google.com/maps/@?api=1&map_action=pano&viewpoint=50.87154900000221%2C4.3526648000004915;50.871549, 4.3526648;"{""coordinates"": [4.3526648, 50.871549], ""type"": ""Point""}";ONE;2026-03-03T01:00:00+01:00
ONE;;;Crèche ou accueillant.e francophone subventionnée;Gesubsidieerde Franstalige crèche of onthaalouder;Français;Frans;;;Accueillant.e subventionné.e;Gesubsidieerde onthaalouder;subventionné;Gesubsidieerd;rue bruyn nan;rue bruyn nan;1120;Bruxelles;Brussel;https://my.one.be/milieu-accueil/9168;https://my.one.be/milieu-accueil/9168;googlemaps0%2C4.38772500000049;https://www.google.com/maps/@?api=1&map_action=pano&viewpoint=50.90539300000215%2C4.38772500000049;50.905393, 4.387725;"{""coordinates"": [4.387725, 50.905393], ""type"": ""Point""}";ONE;2026-03-03T01:00:00+01:00
ONE;Les Jardins d'Horta CHU Brugmann;Les Jardins d'Horta CHU Brugmann;Crèche ou accueillant.e francophone subventionnée;Gesubsidieerde Franstalige crèche of onthaalouder;Français;Frans;;;Crèche;Crèche;subventionné;Gesubsidieerd;place arthur van gehuchten 4;arthur van gehuchtenplein 4;1020;Bruxelles;Brussel;https://my.one.be/milieu-accueil/2236;https://my.one.be/milieu-accueil/2236;googlemaps0%2C4.332828438715994;https://www.google.com/maps/@?api=1&map_action=pano&viewpoint=50.88630472616688%2C4.332828438715994;50.8863047262, 4.3328284387;"{""coordinates"": [4.3328284387, 50.8863047262], ""type"": ""Point""}";ONE;2026-03-03T01:00:00+01:00
ONE;CraˆšA®che de l'U.L.B;CraˆšA®che de l'U.L.B;Crèche ou accueillant.e francophone subventionnée;Gesubsidieerde Franstalige crèche of onthaalouder;Français;Frans;;;Crèche;Crèche;subventionné;Gesubsidieerd;avenue antoine depage 15;antoine depagelaan 15;1000;Bruxelles;Brussel;https://my.one.be/milieu-accueil/2271;https://my.one.be/milieu-accueil/2271;googlemaps0%2C4.383371449732652;https://www.google.com/maps/@?api=1&map_action=pano&viewpoint=50.81113502875473%2C4.383371449732652;50.8111350288, 4.3833714497;"{""coordinates"": [4.3833714497, 50.8111350288], ""type"": ""Point""}";ONE;2026-03-03T01:00:00+01:00
Kind&Gezin;'t Wanneke;'t Wanneke;Crèche ou accueillant.e néerlandophone subventionnée;Gesubsidieerde Nederlandstalige crèche of onthaalouder;Néerlandais;Nederlands;tarification liée au revenu;inkomenstarief;Accueil en groupe;Groepsopvang;subventionné;Gesubsidieerd;Avenue Wannecouter 109;Wannekouterlaan 109;1020;Bruxelles;Brussel;https://www.kindengezin.be/nl/thema/kinderopvang-en-naar-school/zoek-een-opvang;https://www.kindengezin.be/nl/thema/kinderopvang-en-naar-school/zoek-een-opvang;googlemaps0%2C4.362837221244192;https://www.google.com/maps/@?api=1&map_action=pano&viewpoint=50.89885741251069%2C4.362837221244192;50.8988574125, 4.3628372212;"{""coordinates"": [4.3628372212, 50.8988574125], ""type"": ""Point""}";Kind&Gezin;2025-12-17T01:00:00+01:00
Kind&Gezin;De Lentebloempjes;De Lentebloempjes;Crèche ou accueillant.e néerlandophone subventionnée;Gesubsidieerde Nederlandstalige crèche of onthaalouder;Néerlandais;Nederlands;tarification liée au revenu;inkomenstarief;Accueil en groupe;Groepsopvang;subventionné;Gesubsidieerd;Rue de Verdun 521;Verdunstraat 521;1130;Bruxelles;Brussel;https://www.kindengezin.be/nl/thema/kinderopvang-en-naar-school/zoek-een-opvang;https://www.kindengezin.be/nl/thema/kinderopvang-en-naar-school/zoek-een-opvang;googlemaps0%2C4.419976177763717;https://www.google.com/maps/@?api=1&map_action=pano&viewpoint=50.895028630550954%2C4.419976177763717;50.8950286306, 4.4199761778;"{""coordinates"": [4.4199761778, 50.8950286306], ""type"": ""Point""}";Kind&Gezin;2025-12-17T01:00:00+01:00
Kind&Gezin;De Zinnekes;De Zinnekes;Crèche ou accueillant.e néerlandophone subventionnée;Gesubsidieerde Nederlandstalige crèche of onthaalouder;Néerlandais;Nederlands;tarification liée au revenu;inkomenstarief;Accueil en groupe;Groepsopvang;subventionné;Gesubsidieerd;Rue de Molenbeek 173;Molenbeeksestraat 173;1020;Bruxelles;Brussel;https://www.kindengezin.be/nl/thema/kinderopvang-en-naar-school/zoek-een-opvang;https://www.kindengezin.be/nl/thema/kinderopvang-en-naar-school/zoek-een-opvang;googlemaps0%2C4.350721895050265;https://www.google.com/maps/@?api=1&map_action=pano&viewpoint=50.87175809962705%2C4.350721895050265;50.8717580996, 4.3507218951;"{""coordinates"": [4.3507218951, 50.8717580996], ""type"": ""Point""}";Kind&Gezin;2025-12-17T01:00:00+01:00
Kind&Gezin;Kasteel Beiaard;Kasteel Beiaard;Crèche ou accueillant.e néerlandophone subventionnée;Gesubsidieerde Nederlandstalige crèche of onthaalouder;Néerlandais;Nederlands;tarification liée au revenu;inkomenstarief;Accueil en groupe;Groepsopvang;subventionné;Gesubsidieerd;Kruipweg 23;Kruipweg 23;1120;Bruxelles;Brussel;https://www.kindengezin.be/nl/thema/kinderopvang-en-naar-school/zoek-een-opvang;https://www.kindengezin.be/nl/thema/kinderopvang-en-naar-school/zoek-een-opvang;googlemaps0%2C4.379944118465316;https://www.google.com/maps/@?api=1&map_action=pano&viewpoint=50.89437725003539%2C4.379944118465316;50.89437725, 4.3799441185;"{""coordinates"": [4.3799441185, 50.89437725], ""type"": ""Point""}";Kind&Gezin;2025-12-17T01:00:00+01:00
Kind&Gezin;Klavertje Vier;Klavertje Vier;Crèche ou accueillant.e néerlandophone subventionnée;Gesubsidieerde Nederlandstalige crèche of onthaalouder;Néerlandais;Nederlands;tarification liée au revenu;inkomenstarief;Accueil en groupe;Groepsopvang;subventionné;Gesubsidieerd;Avenue de l'Héliport 52;Helihavenlaan 52;1000;Bruxelles;Brussel;https://www.kindengezin.be/nl/thema/kinderopvang-en-naar-school/zoek-een-opvang;https://www.kindengezin.be/nl/thema/kinderopvang-en-naar-school/zoek-een-opvang;googlemaps0%2C4.35562291016428;https://www.google.com/maps/@?api=1&map_action=pano&viewpoint=50.86458306549226%2C4.35562291016428;50.8645830655, 4.3556229102;"{""coordinates"": [4.3556229102, 50.8645830655], ""type"": ""Point""}";Kind&Gezin;2025-12-17T01:00:00+01:00
Kind&Gezin;Baby Garden;Baby Garden;Crèche ou accueillant.e néerlandophone non-subventionnée;Niet-gesubsidieerde Nederlandstalige crèche of onthaalouder;Néerlandais;Nederlands;tarification libre;vrije prijs;Accueil en groupe;Groepsopvang;non-subventionné;Niet-gesubsidieerd;Square Prince Léopold 3;Prins Leopoldsquare 3;1020;Bruxelles;Brussel;https://www.kindengezin.be/nl/thema/kinderopvang-en-naar-school/zoek-een-opvang;https://www.kindengezin.be/nl/thema/kinderopvang-en-naar-school/zoek-een-opvang;googlemaps0%2C4.342802036014802;https://www.google.com/maps/@?api=1&map_action=pano&viewpoint=50.883509989160686%2C4.342802036014802;50.8835099892, 4.342802036;"{""coordinates"": [4.342802036, 50.8835099892], ""type"": ""Point""}";Kind&Gezin;2025-12-17T01:00:00+01:00
Kind&Gezin;;;Crèche ou accueillant.e néerlandophone subventionnée;Gesubsidieerde Nederlandstalige crèche of onthaalouder;Néerlandais;Nederlands;tarification liée au revenu;inkomenstarief;Accueil familial;Gezinsopvang;subventionné;Gesubsidieerd;Rue de Molenbeek 101;Molenbeeksestraat 101;1020;Bruxelles;Brussel;https://www.kindengezin.be/nl/thema/kinderopvang-en-naar-school/zoek-een-opvang;https://www.kindengezin.be/nl/thema/kinderopvang-en-naar-school/zoek-een-opvang;googlemaps0%2C4.3552312904827115;https://www.google.com/maps/@?api=1&map_action=pano&viewpoint=50.87442953514779%2C4.3552312904827115;50.8744295351, 4.3552312905;"{""coordinates"": [4.3552312905, 50.8744295351], ""type"": ""Point""}";Kind&Gezin;2025-12-17T01:00:00+01:00
ONE;Zarafa;Zarafa;Crèche ou accueillant.e francophone non-subventionnée;Niet-gesubsidieerde Franstalige crèche of onthaalouder;Français;Frans;;;Crèche;Crèche;non-subventionné;Niet-gesubsidieerd;avenue de meysse 97a;meiseselaan 97a;1020;Bruxelles;Brussel;www.zarafa-asbl.be;www.zarafa-asbl.be;googlemaps0%2C4.350369291027675;https://www.google.com/maps/@?api=1&map_action=pano&viewpoint=50.898023587582614%2C4.350369291027675;50.8980235876, 4.350369291;"{""coordinates"": [4.350369291, 50.8980235876], ""type"": ""Point""}";ONE;2026-03-03T01:00:00+01:00
ONE;Papoti Papota;Papoti Papota;Crèche ou accueillant.e francophone non-subventionnée;Niet-gesubsidieerde Franstalige crèche of onthaalouder;Français;Frans;;;Crèche;Crèche;non-subventionné;Niet-gesubsidieerd;rue de wand 21;de wandstraat 21;1020;Bruxelles;Brussel;www.papotipapota.be;www.papotipapota.be;googlemaps0%2C4.358139581944676;https://www.google.com/maps/@?api=1&map_action=pano&viewpoint=50.89617274351422%2C4.358139581944676;50.8961727435, 4.3581395819;"{""coordinates"": [4.3581395819, 50.8961727435], ""type"": ""Point""}";ONE;2026-03-03T01:00:00+01:00
ONE;Papoti Papota 2;Papoti Papota 2;Crèche ou accueillant.e francophone non-subventionnée;Niet-gesubsidieerde Franstalige crèche of onthaalouder;Français;Frans;;;Crèche;Crèche;non-subventionné;Niet-gesubsidieerd;rue de wand 118;de wandstraat 118;1020;Bruxelles;Brussel;www.papotipapota.be;www.papotipapota.be;googlemaps0%2C4.360047321692555;https://www.google.com/maps/@?api=1&map_action=pano&viewpoint=50.899765802240665%2C4.360047321692555;50.8997658022, 4.3600473217;"{""coordinates"": [4.3600473217, 50.8997658022], ""type"": ""Point""}";ONE;2026-03-03T01:00:00+01:00
ONE;La Maison de la Famille - Willy Peers;La Maison de la Famille - Willy Peers;Crèche ou accueillant.e francophone non-subventionnée;Niet-gesubsidieerde Franstalige crèche of onthaalouder;Français;Frans;;;Halte-accueil;Occasionele opvang;non-subventionné;Niet-gesubsidieerd;rue de la presse 14;drukpersstraat 14;1000;Bruxelles;Brussel;www.maisondelafamillebruxelles.be;www.maisondelafamillebruxelles.be;googlemaps0%2C4.366945453052013;https://www.google.com/maps/@?api=1&map_action=pano&viewpoint=50.84882991146831%2C4.366945453052013;50.8488299115, 4.3669454531;"{""coordinates"": [4.3669454531, 50.8488299115], ""type"": ""Point""}";ONE;2026-03-03T01:00:00+01:00
ONE;La Ribambelle;La Ribambelle;Crèche ou accueillant.e francophone subventionnée;Gesubsidieerde Franstalige crèche of onthaalouder;Français;Frans;;;Crèche;Crèche;subventionné;Gesubsidieerd;rue van artevelde 85;arteveldestraat 85;1000;Bruxelles;Brussel;https://my.one.be/milieu-accueil/159291;https://my.one.be/milieu-accueil/159291;googlemaps0%2C4.344674210347787;https://www.google.com/maps/@?api=1&map_action=pano&viewpoint=50.84741299067804%2C4.344674210347787;50.8474129907, 4.3446742103;"{""coordinates"": [4.3446742103, 50.8474129907], ""type"": ""Point""}";ONE;2026-03-03T01:00:00+01:00
ONE;Jeanne Ashbe;Jeanne Ashbe;Crèche ou accueillant.e francophone subventionnée;Gesubsidieerde Franstalige crèche of onthaalouder;Français;Frans;;;Crèche;Crèche;subventionné;Gesubsidieerd;rue locquenghien 16;locquenghienstraat 16;1000;Bruxelles;Brussel;https://creches.brussels.be/fr;https://creches.brussels.be/fr;googlemaps0%2C4.344517510339816;https://www.google.com/maps/@?api=1&map_action=pano&viewpoint=50.85377238703172%2C4.344517510339816;50.853772387, 4.3445175103;"{""coordinates"": [4.3445175103, 50.853772387], ""type"": ""Point""}";ONE;2026-03-03T01:00:00+01:00
ONE;Site J77;Site J77;Crèche ou accueillant.e francophone non-subventionnée;Niet-gesubsidieerde Franstalige crèche of onthaalouder;Français;Frans;;;Crèche;Crèche;non-subventionné;Niet-gesubsidieerd;rue joseph ii 77;jozef ii straat 77;1000;Bruxelles;Brussel;www.leminimonde.com;www.leminimonde.com;googlemaps0%2C4.374974921328879;https://www.google.com/maps/@?api=1&map_action=pano&viewpoint=50.84507146869123%2C4.374974921328879;50.8450714687, 4.3749749213;"{""coordinates"": [4.3749749213, 50.8450714687], ""type"": ""Point""}";ONE;2026-03-03T01:00:00+01:00
ONE;Gabrielle Vincent;Gabrielle Vincent;Crèche ou accueillant.e francophone subventionnée;Gesubsidieerde Franstalige crèche of onthaalouder;Français;Frans;;;Crèche;Crèche;subventionné;Gesubsidieerd;rue van helmont 32;van helmontstraat 32;1000;Bruxelles;Brussel;https://my.one.be/milieu-accueil/12508774;https://my.one.be/milieu-accueil/12508774;googlemaps0%2C4.346628825787908;https://www.google.com/maps/@?api=1&map_action=pano&viewpoint=50.84388902422523%2C4.346628825787908;50.8438890242, 4.3466288258;"{""coordinates"": [4.3466288258, 50.8438890242], ""type"": ""Point""}";ONE;2026-03-03T01:00:00+01:00
ONE;Marie Louise 48;Marie Louise 48;Crèche ou accueillant.e francophone non-subventionnée;Niet-gesubsidieerde Franstalige crèche of onthaalouder;Français;Frans;;;Crèche;Crèche;non-subventionné;Niet-gesubsidieerd;square marie louise 48;maria louizasquare 48;1000;Bruxelles;Brussel;www.esedraservices.com;www.esedraservices.com;googlemaps0%2C4.37993711953341;https://www.google.com/maps/@?api=1&map_action=pano&viewpoint=50.847490870120936%2C4.37993711953341;50.8474908701, 4.3799371195;"{""coordinates"": [4.3799371195, 50.8474908701], ""type"": ""Point""}";ONE;2026-03-03T01:00:00+01:00
ONE;Espaces Enfance 2;Espaces Enfance 2;Crèche ou accueillant.e francophone subventionnée;Gesubsidieerde Franstalige crèche of onthaalouder;Français;Frans;;;Crèche;Crèche;subventionné;Gesubsidieerd;rue notre dame des graˆša¢ces 1 A;rue notre dame des graˆša¢ces 1 A;1000;Bruxelles;Brussel;https://my.one.be/milieu-accueil/2267;https://my.one.be/milieu-accueil/2267;googlemaps0%2C4.350602900000488;https://www.google.com/maps/@?api=1&map_action=pano&viewpoint=50.8381641000023%2C4.350602900000488;50.8381641, 4.3506029;"{""coordinates"": [4.3506029, 50.8381641], ""type"": ""Point""}";ONE;2026-03-03T01:00:00+01:00
ONE;Regine Orfinger-Karlin;Regine Orfinger-Karlin;Crèche ou accueillant.e francophone subventionnée;Gesubsidieerde Franstalige crèche of onthaalouder;Français;Frans;;;Crèche;Crèche;subventionné;Gesubsidieerd;jardin des justes 3;tuin der rechtvaardigen 3;1020;Bruxelles;Brussel;https://creches.brussels.be/fr;https://creches.brussels.be/fr;googlemaps0%2C4.351175573724673;https://www.google.com/maps/@?api=1&map_action=pano&viewpoint=50.87161532421858%2C4.351175573724673;50.8716153242, 4.3511755737;"{""coordinates"": [4.3511755737, 50.8716153242], ""type"": ""Point""}";ONE;2026-03-03T01:00:00+01:00
ONE;Eclusier Cogge;Eclusier Cogge;Crèche ou accueillant.e francophone subventionnée;Gesubsidieerde Franstalige crèche of onthaalouder;Français;Frans;;;Crèche;Crèche;subventionné;Gesubsidieerd;avenue de la reine 180;avenue de la reine 180;1000;Bruxelles;Brussel;https://creches.brussels.be/fr;https://creches.brussels.be/fr;googlemaps0%2C4.3609899000004875;https://www.google.com/maps/@?api=1&map_action=pano&viewpoint=50.871275800002216%2C4.3609899000004875;50.8712758, 4.3609899;"{""coordinates"": [4.3609899, 50.8712758], ""type"": ""Point""}";ONE;2026-03-03T01:00:00+01:00
Kind&Gezin;'t Plantzoentje;'t Plantzoentje;Crèche ou accueillant.e néerlandophone subventionnée;Gesubsidieerde Nederlandstalige crèche of onthaalouder;Néerlandais;Nederlands;tarification liée au revenu;inkomenstarief;Accueil en groupe;Groepsopvang;subventionné;Gesubsidieerd;Square Prince Charles 30;Prins Karelsquare 30;1020;Bruxelles;Brussel;https://www.kindengezin.be/nl/thema/kinderopvang-en-naar-school/zoek-een-opvang;https://www.kindengezin.be/nl/thema/kinderopvang-en-naar-school/zoek-een-opvang;googlemaps0%2C4.352753970829778;https://www.google.com/maps/@?api=1&map_action=pano&viewpoint=50.881583389814985%2C4.352753970829778;50.8815833898, 4.3527539708;"{""coordinates"": [4.3527539708, 50.8815833898], ""type"": ""Point""}";Kind&Gezin;2025-12-17T01:00:00+01:00
Kind&Gezin;Babilou Gare Maritime;Babilou Gare Maritime;Crèche ou accueillant.e néerlandophone subventionnée;Gesubsidieerde Nederlandstalige crèche of onthaalouder;Néerlandais;Nederlands;tarification liée au revenu;inkomenstarief;Accueil en groupe;Groepsopvang;subventionné;Gesubsidieerd;Drève du Parc 20;Parkdreef 20;1000;Bruxelles;Brussel;https://www.kindengezin.be/nl/thema/kinderopvang-en-naar-school/zoek-een-opvang;https://www.kindengezin.be/nl/thema/kinderopvang-en-naar-school/zoek-een-opvang;googlemaps0%2C4.342318060619261;https://www.google.com/maps/@?api=1&map_action=pano&viewpoint=50.86531776450339%2C4.342318060619261;50.8653177645, 4.3423180606;"{""coordinates"": [4.3423180606, 50.8653177645], ""type"": ""Point""}";Kind&Gezin;2025-12-17T01:00:00+01:00
Kind&Gezin;Elmer in de Stad;Elmer in de Stad;Crèche ou accueillant.e néerlandophone subventionnée;Gesubsidieerde Nederlandstalige crèche of onthaalouder;Néerlandais;Nederlands;tarification liée au revenu;inkomenstarief;Accueil en groupe;Groepsopvang;subventionné;Gesubsidieerd;Rue Terre-Neuve 15;Nieuwland 15;1000;Bruxelles;Brussel;https://www.kindengezin.be/nl/thema/kinderopvang-en-naar-school/zoek-een-opvang;https://www.kindengezin.be/nl/thema/kinderopvang-en-naar-school/zoek-een-opvang;googlemaps0%2C4.347538094833165;https://www.google.com/maps/@?api=1&map_action=pano&viewpoint=50.8428872957278%2C4.347538094833165;50.8428872957, 4.3475380948;"{""coordinates"": [4.3475380948, 50.8428872957], ""type"": ""Point""}";Kind&Gezin;2025-12-17T01:00:00+01:00
Kind&Gezin;Frans Vekemans;Frans Vekemans;Crèche ou accueillant.e néerlandophone subventionnée;Gesubsidieerde Nederlandstalige crèche of onthaalouder;Néerlandais;Nederlands;tarification liée au revenu;inkomenstarief;Accueil en groupe;Groepsopvang;subventionné;Gesubsidieerd;Rue François Vekemans 48;Frans Vekemansstraat 48;1120;Bruxelles;Brussel;https://www.kindengezin.be/nl/thema/kinderopvang-en-naar-school/zoek-een-opvang;https://www.kindengezin.be/nl/thema/kinderopvang-en-naar-school/zoek-een-opvang;googlemaps0%2C4.390080272047675;https://www.google.com/maps/@?api=1&map_action=pano&viewpoint=50.89598075458403%2C4.390080272047675;50.8959807546, 4.390080272;"{""coordinates"": [4.390080272, 50.8959807546], ""type"": ""Point""}";Kind&Gezin;2025-12-17T01:00:00+01:00
Kind&Gezin;Maria Boodschap;Maria Boodschap;Crèche ou accueillant.e néerlandophone subventionnée;Gesubsidieerde Nederlandstalige crèche of onthaalouder;Néerlandais;Nederlands;tarification liée au revenu;inkomenstarief;Accueil en groupe;Groepsopvang;subventionné;Gesubsidieerd;Rue de Flandre 159;Vlaamsesteenweg 159;1000;Bruxelles;Brussel;https://www.kindengezin.be/nl/thema/kinderopvang-en-naar-school/zoek-een-opvang;https://www.kindengezin.be/nl/thema/kinderopvang-en-naar-school/zoek-een-opvang;googlemaps0%2C4.3434964832699;https://www.google.com/maps/@?api=1&map_action=pano&viewpoint=50.85314373959546%2C4.3434964832699;50.8531437396, 4.3434964833;"{""coordinates"": [4.3434964833, 50.8531437396], ""type"": ""Point""}";Kind&Gezin;2025-12-17T01:00:00+01:00
ONE;Badaboum;Badaboum;Crèche ou accueillant.e francophone non-subventionnée;Niet-gesubsidieerde Franstalige crèche of onthaalouder;Français;Frans;;;Crèche;Crèche;non-subventionné;Niet-gesubsidieerd;rue de la philanthropie 2;menslievendheidsstraat 2;1000;Bruxelles;Brussel;https://my.one.be/milieu-accueil/1124081;https://my.one.be/milieu-accueil/1124081;googlemaps0%2C4.34550452798217;https://www.google.com/maps/@?api=1&map_action=pano&viewpoint=50.83517904359935%2C4.34550452798217;50.8351790436, 4.345504528;"{""coordinates"": [4.345504528, 50.8351790436], ""type"": ""Point""}";ONE;2026-03-03T01:00:00+01:00
ONE;Swinnen;Swinnen;Crèche ou accueillant.e francophone non-subventionnée;Niet-gesubsidieerde Franstalige crèche of onthaalouder;Français;Frans;;;Halte-accueil;Occasionele opvang;non-subventionné;Niet-gesubsidieerd;rue du pont de l avenue 35;laanbrugstraat 35;1000;Bruxelles;Brussel;www.josephswinnen.be;www.josephswinnen.be;googlemaps0%2C4.361749719388684;https://www.google.com/maps/@?api=1&map_action=pano&viewpoint=50.869704655693624%2C4.361749719388684;50.8697046557, 4.3617497194;"{""coordinates"": [4.3617497194, 50.8697046557], ""type"": ""Point""}";ONE;2026-03-03T01:00:00+01:00
ONE;Espaces Enfance 3;Espaces Enfance 3;Crèche ou accueillant.e francophone non-subventionnée;Niet-gesubsidieerde Franstalige crèche of onthaalouder;Français;Frans;;;Crèche;Crèche;non-subventionné;Niet-gesubsidieerd;rue van campenhout 16;van campenhoutstraat 16;1000;Bruxelles;Brussel;http://www.espacesenfance.be/espaces-enfance-3/;http://www.espacesenfance.be/espaces-enfance-3/;googlemaps0%2C4.385692839505051;https://www.google.com/maps/@?api=1&map_action=pano&viewpoint=50.84769699604684%2C4.385692839505051;50.847696996, 4.3856928395;"{""coordinates"": [4.3856928395, 50.847696996], ""type"": ""Point""}";ONE;2026-03-03T01:00:00+01:00
ONE;L'AQUARELLE;L'AQUARELLE;Crèche ou accueillant.e francophone non-subventionnée;Niet-gesubsidieerde Franstalige crèche of onthaalouder;Français;Frans;;;Crèche;Crèche;non-subventionné;Niet-gesubsidieerd;rue du tivoli 45;tivolistraat 45;1020;Bruxelles;Brussel;https://my.one.be/milieu-accueil/5163;https://my.one.be/milieu-accueil/5163;googlemaps0%2C4.353696869155475;https://www.google.com/maps/@?api=1&map_action=pano&viewpoint=50.873136494880505%2C4.353696869155475;50.8731364949, 4.3536968692;"{""coordinates"": [4.3536968692, 50.8731364949], ""type"": ""Point""}";ONE;2026-03-03T01:00:00+01:00
ONE;Cesar de Paepe;Cesar de Paepe;Crèche ou accueillant.e francophone subventionnée;Gesubsidieerde Franstalige crèche of onthaalouder;Français;Frans;;;Crèche;Crèche;subventionné;Gesubsidieerd;rue des alexiens 11;cellebroersstraat 11;1000;Bruxelles;Brussel;https://creches.brussels.be/fr;https://creches.brussels.be/fr;googlemaps0%2C4.349334185585499;https://www.google.com/maps/@?api=1&map_action=pano&viewpoint=50.843549054820805%2C4.349334185585499;50.8435490548, 4.3493341856;"{""coordinates"": [4.3493341856, 50.8435490548], ""type"": ""Point""}";ONE;2026-03-03T01:00:00+01:00
ONE;Les Quatre Saisons;Les Quatre Saisons;Crèche ou accueillant.e francophone subventionnée;Gesubsidieerde Franstalige crèche of onthaalouder;Français;Frans;;;Crèche;Crèche;subventionné;Gesubsidieerd;rue notre seigneur 1;ons heerstraat 1;1000;Bruxelles;Brussel;https://creches.brussels.be/;https://creches.brussels.be/;googlemaps0%2C4.3494590716048105;https://www.google.com/maps/@?api=1&map_action=pano&viewpoint=50.840661572723945%2C4.3494590716048105;50.8406615727, 4.3494590716;"{""coordinates"": [4.3494590716, 50.8406615727], ""type"": ""Point""}";ONE;2026-03-03T01:00:00+01:00
ONE;Marie Popelin;Marie Popelin;Crèche ou accueillant.e francophone subventionnée;Gesubsidieerde Franstalige crèche of onthaalouder;Français;Frans;;;Crèche;Crèche;subventionné;Gesubsidieerd;rue laƒa©opold 1ier 210;rue laƒa©opold 1ier 210;1020;Bruxelles;Brussel;https://creches.brussels.be/fr;https://creches.brussels.be/fr;googlemaps0%2C4.34235330000049;https://www.google.com/maps/@?api=1&map_action=pano&viewpoint=50.87683560000222%2C4.34235330000049;50.8768356, 4.3423533;"{""coordinates"": [4.3423533, 50.8768356], ""type"": ""Point""}";ONE;2026-03-03T01:00:00+01:00
ONE;Ernest Salu;Ernest Salu;Crèche ou accueillant.e francophone subventionnée;Gesubsidieerde Franstalige crèche of onthaalouder;Français;Frans;;;Crèche;Crèche;subventionné;Gesubsidieerd;rue de molenbeek 38;molenbeeksestraat 38;1020;Bruxelles;Brussel;https://creches.brussels.be/fr;https://creches.brussels.be/fr;googlemaps0%2C4.356828583869219;https://www.google.com/maps/@?api=1&map_action=pano&viewpoint=50.87589228155671%2C4.356828583869219;50.8758922816, 4.3568285839;"{""coordinates"": [4.3568285839, 50.8758922816], ""type"": ""Point""}";ONE;2026-03-03T01:00:00+01:00
ONE;Reine Marie Henriette;Reine Marie Henriette;Crèche ou accueillant.e francophone subventionnée;Gesubsidieerde Franstalige crèche of onthaalouder;Français;Frans;;;Crèche;Crèche;subventionné;Gesubsidieerd;rue de la fleche 14;pijlstraat 14;1000;Bruxelles;Brussel;www.lafleche14.be;www.lafleche14.be;googlemaps0%2C4.353207630759395;https://www.google.com/maps/@?api=1&map_action=pano&viewpoint=50.85849249724438%2C4.353207630759395;50.8584924972, 4.3532076308;"{""coordinates"": [4.3532076308, 50.8584924972], ""type"": ""Point""}";ONE;2026-03-03T01:00:00+01:00
ONE;De Wand;De Wand;Crèche ou accueillant.e francophone subventionnée;Gesubsidieerde Franstalige crèche of onthaalouder;Français;Frans;;;Crèche;Crèche;subventionné;Gesubsidieerd;rue gustave demanet 16;gustave demanetstraat 16;1020;Bruxelles;Brussel;https://creches.brussels.be/fr;https://creches.brussels.be/fr;googlemaps0%2C4.358378782996536;https://www.google.com/maps/@?api=1&map_action=pano&viewpoint=50.897946710898474%2C4.358378782996536;50.8979467109, 4.358378783;"{""coordinates"": [4.358378783, 50.8979467109], ""type"": ""Point""}";ONE;2026-03-03T01:00:00+01:00
ONE;Les Piloux;Les Piloux;Crèche ou accueillant.e francophone subventionnée;Gesubsidieerde Franstalige crèche of onthaalouder;Français;Frans;;;Crèche;Crèche;subventionné;Gesubsidieerd;rue de heembeek 129;heembeeksestraat 129;1120;Bruxelles;Brussel;https://my.one.be/milieu-accueil/1045024;https://my.one.be/milieu-accueil/1045024;googlemaps0%2C4.379835122770491;https://www.google.com/maps/@?api=1&map_action=pano&viewpoint=50.89092950789378%2C4.379835122770491;50.8909295079, 4.3798351228;"{""coordinates"": [4.3798351228, 50.8909295079], ""type"": ""Point""}";ONE;2026-03-03T01:00:00+01:00
ONE;;;Crèche ou accueillant.e francophone subventionnée;Gesubsidieerde Franstalige crèche of onthaalouder;Français;Frans;;;Accueillant.e subventionné.e;Gesubsidieerde onthaalouder;subventionné;Gesubsidieerd;rue van campenhout;rue van campenhout;1000;Bruxelles;Brussel;https://my.one.be/milieu-accueil/127490;https://my.one.be/milieu-accueil/127490;googlemaps0%2C4.386560600000489;https://www.google.com/maps/@?api=1&map_action=pano&viewpoint=50.84859000000227%2C4.386560600000489;50.84859, 4.3865606;"{""coordinates"": [4.3865606, 50.84859], ""type"": ""Point""}";ONE;2026-03-03T01:00:00+01:00
ONE;;;Crèche ou accueillant.e francophone subventionnée;Gesubsidieerde Franstalige crèche of onthaalouder;Français;Frans;;;Accueillant.e subventionné.e;Gesubsidieerde onthaalouder;subventionné;Gesubsidieerd;rue charles demeer;rue charles demeer;1020;Bruxelles;Brussel;https://my.one.be/milieu-accueil/8947;https://my.one.be/milieu-accueil/8947;googlemaps0%2C4.34298100000049;https://www.google.com/maps/@?api=1&map_action=pano&viewpoint=50.872285300002204%2C4.34298100000049;50.8722853, 4.342981;"{""coordinates"": [4.342981, 50.8722853], ""type"": ""Point""}";ONE;2026-03-03T01:00:00+01:00
ONE;Gabrielle Vandervelde;Gabrielle Vandervelde;Crèche ou accueillant.e francophone subventionnée;Gesubsidieerde Franstalige crèche of onthaalouder;Français;Frans;;;Crèche;Crèche;subventionné;Gesubsidieerd;rue de gravelines 55;grevelingenstraat 55;1000;Bruxelles;Brussel;https://creches.brussels.be/fr;https://creches.brussels.be/fr;googlemaps0%2C4.382335154529745;https://www.google.com/maps/@?api=1&map_action=pano&viewpoint=50.848977009951696%2C4.382335154529745;50.84897701, 4.3823351545;"{""coordinates"": [4.3823351545, 50.84897701], ""type"": ""Point""}";ONE;2026-03-03T01:00:00+01:00
ONE;Les Sources;Les Sources;Crèche ou accueillant.e francophone subventionnée;Gesubsidieerde Franstalige crèche of onthaalouder;Français;Frans;;;Crèche;Crèche;subventionné;Gesubsidieerd;rue de la paroisse 34;parochiestraat 34;1130;Bruxelles;Brussel;https://creches.brussels.be/fr;https://creches.brussels.be/fr;googlemaps0%2C4.420639912555468;https://www.google.com/maps/@?api=1&map_action=pano&viewpoint=50.89257727756595%2C4.420639912555468;50.8925772776, 4.4206399126;"{""coordinates"": [4.4206399126, 50.8925772776], ""type"": ""Point""}";ONE;2026-03-03T01:00:00+01:00
ONE;Jacques Creyelman;Jacques Creyelman;Crèche ou accueillant.e francophone subventionnée;Gesubsidieerde Franstalige crèche of onthaalouder;Français;Frans;;;Crèche;Crèche;subventionné;Gesubsidieerd;rue d anderlecht 45;anderlechtsesteenweg 45;1000;Bruxelles;Brussel;https://creches.brussels.be/fr;https://creches.brussels.be/fr;googlemaps0%2C4.344323418816742;https://www.google.com/maps/@?api=1&map_action=pano&viewpoint=50.845570482959126%2C4.344323418816742;50.845570483, 4.3443234188;"{""coordinates"": [4.3443234188, 50.845570483], ""type"": ""Point""}";ONE;2026-03-03T01:00:00+01:00
ONE;Les Diablotins Everois;Les Diablotins Everois;Crèche ou accueillant.e francophone subventionnée;Gesubsidieerde Franstalige crèche of onthaalouder;Français;Frans;;;Crèche;Crèche;subventionné;Gesubsidieerd;chaussee de haecht 1422;chaussee de haecht 1422;1130;Bruxelles;Brussel;https://my.one.be/milieu-accueil/6752;https://my.one.be/milieu-accueil/6752;googlemaps0%2C4.416011700000489;https://www.google.com/maps/@?api=1&map_action=pano&viewpoint=50.88125910000218%2C4.416011700000489;50.8812591, 4.4160117;"{""coordinates"": [4.4160117, 50.8812591], ""type"": ""Point""}";ONE;2026-03-03T01:00:00+01:00
Kind&Gezin;Babilou Upsite;Babilou Upsite;Crèche ou accueillant.e néerlandophone subventionnée;Gesubsidieerde Nederlandstalige crèche of onthaalouder;Néerlandais;Nederlands;tarification liée au revenu;inkomenstarief;Accueil en groupe;Groepsopvang;subventionné;Gesubsidieerd;Quai des Péniches 55;Akenkaai 55;1000;Bruxelles;Brussel;https://www.kindengezin.be/nl/thema/kinderopvang-en-naar-school/zoek-een-opvang;https://www.kindengezin.be/nl/thema/kinderopvang-en-naar-school/zoek-een-opvang;googlemaps0%2C4.351603078302314;https://www.google.com/maps/@?api=1&map_action=pano&viewpoint=50.86345843622647%2C4.351603078302314;50.8634584362, 4.3516030783;"{""coordinates"": [4.3516030783, 50.8634584362], ""type"": ""Point""}";Kind&Gezin;2025-12-17T01:00:00+01:00
Kind&Gezin;Kakelbont;Kakelbont;Crèche ou accueillant.e néerlandophone subventionnée;Gesubsidieerde Nederlandstalige crèche of onthaalouder;Néerlandais;Nederlands;tarification liée au revenu;inkomenstarief;Accueil en groupe;Groepsopvang;subventionné;Gesubsidieerd;Rue Reper-Vreven 100;Reper-Vrevenstraat 100;1020;Bruxelles;Brussel;https://www.kindengezin.be/nl/thema/kinderopvang-en-naar-school/zoek-een-opvang;https://www.kindengezin.be/nl/thema/kinderopvang-en-naar-school/zoek-een-opvang;googlemaps0%2C4.338383066371072;https://www.google.com/maps/@?api=1&map_action=pano&viewpoint=50.89015734410799%2C4.338383066371072;50.8901573441, 4.3383830664;"{""coordinates"": [4.3383830664, 50.8901573441], ""type"": ""Point""}";Kind&Gezin;2025-12-17T01:00:00+01:00
Kind&Gezin;Kinderopvanglocatie Kim Gevaert;Kinderopvanglocatie Kim Gevaert;Crèche ou accueillant.e néerlandophone subventionnée;Gesubsidieerde Nederlandstalige crèche of onthaalouder;Néerlandais;Nederlands;tarification liée au revenu;inkomenstarief;Accueil en groupe;Groepsopvang;subventionné;Gesubsidieerd;Avenue Mutsaard 63;Mutsaardlaan 63;1020;Bruxelles;Brussel;https://www.kindengezin.be/nl/thema/kinderopvang-en-naar-school/zoek-een-opvang;https://www.kindengezin.be/nl/thema/kinderopvang-en-naar-school/zoek-een-opvang;googlemaps0%2C4.357341817365964;https://www.google.com/maps/@?api=1&map_action=pano&viewpoint=50.898166204239295%2C4.357341817365964;50.8981662042, 4.3573418174;"{""coordinates"": [4.3573418174, 50.8981662042], ""type"": ""Point""}";Kind&Gezin;2025-12-17T01:00:00+01:00
Kind&Gezin;Onze Vriendjes;Onze Vriendjes;Crèche ou accueillant.e néerlandophone subventionnée;Gesubsidieerde Nederlandstalige crèche of onthaalouder;Néerlandais;Nederlands;tarification liée au revenu;inkomenstarief;Accueil en groupe;Groepsopvang;subventionné;Gesubsidieerd;Rue François Vekemans 145;Frans Vekemansstraat 145;1120;Bruxelles;Brussel;https://www.kindengezin.be/nl/thema/kinderopvang-en-naar-school/zoek-een-opvang;https://www.kindengezin.be/nl/thema/kinderopvang-en-naar-school/zoek-een-opvang;googlemaps0%2C4.385717715219267;https://www.google.com/maps/@?api=1&map_action=pano&viewpoint=50.89467416373395%2C4.385717715219267;50.8946741637, 4.3857177152;"{""coordinates"": [4.3857177152, 50.8946741637], ""type"": ""Point""}";Kind&Gezin;2025-12-17T01:00:00+01:00
Kind&Gezin;Pacheco;Pacheco;Crèche ou accueillant.e néerlandophone subventionnée;Gesubsidieerde Nederlandstalige crèche of onthaalouder;Néerlandais;Nederlands;tarification liée au revenu;inkomenstarief;Accueil en groupe;Groepsopvang;subventionné;Gesubsidieerd;Rue Montagne de l'Oratoire 20;Oratoriënberg 20;1000;Bruxelles;Brussel;https://www.kindengezin.be/nl/thema/kinderopvang-en-naar-school/zoek-een-opvang;https://www.kindengezin.be/nl/thema/kinderopvang-en-naar-school/zoek-een-opvang;googlemaps0%2C4.3618546990328415;https://www.google.com/maps/@?api=1&map_action=pano&viewpoint=50.84939222498525%2C4.3618546990328415;50.849392225, 4.361854699;"{""coordinates"": [4.361854699, 50.849392225], ""type"": ""Point""}";Kind&Gezin;2025-12-17T01:00:00+01:00
Kind&Gezin;kinderdagverblijf Nieuwkinderland;kinderdagverblijf Nieuwkinderland;Crèche ou accueillant.e néerlandophone subventionnée;Gesubsidieerde Nederlandstalige crèche of onthaalouder;Néerlandais;Nederlands;tarification liée au revenu;inkomenstarief;Accueil en groupe;Groepsopvang;subventionné;Gesubsidieerd;Rue Terre-Neuve 194;Nieuwland 194;1000;Bruxelles;Brussel;https://www.kindengezin.be/nl/thema/kinderopvang-en-naar-school/zoek-een-opvang;https://www.kindengezin.be/nl/thema/kinderopvang-en-naar-school/zoek-een-opvang;googlemaps0%2C4.342868961378482;https://www.google.com/maps/@?api=1&map_action=pano&viewpoint=50.83878941548737%2C4.342868961378482;50.8387894155, 4.3428689614;"{""coordinates"": [4.3428689614, 50.8387894155], ""type"": ""Point""}";Kind&Gezin;2025-12-17T01:00:00+01:00
Kind&Gezin;KDV van FOD Buitenlandse Zaken;KDV van FOD Buitenlandse Zaken;Crèche ou accueillant.e néerlandophone non-subventionnée;Niet-gesubsidieerde Nederlandstalige crèche of onthaalouder;Néerlandais;Nederlands;tarification libre;vrije prijs;Accueil en groupe;Groepsopvang;non-subventionné;Niet-gesubsidieerd;Place du Petit Sablon 8;Kleine Zavel 8;1000;Bruxelles;Brussel;https://www.kindengezin.be/nl/thema/kinderopvang-en-naar-school/zoek-een-opvang;https://www.kindengezin.be/nl/thema/kinderopvang-en-naar-school/zoek-een-opvang;googlemaps0%2C4.3569173785368465;https://www.google.com/maps/@?api=1&map_action=pano&viewpoint=50.83892850578704%2C4.3569173785368465;50.8389285058, 4.3569173785;"{""coordinates"": [4.3569173785, 50.8389285058], ""type"": ""Point""}";Kind&Gezin;2025-12-17T01:00:00+01:00
Kind&Gezin;RGGL;RGGL;Crèche ou accueillant.e néerlandophone non-subventionnée;Niet-gesubsidieerde Nederlandstalige crèche of onthaalouder;Néerlandais;Nederlands;tarification libre;vrije prijs;Accueil en groupe;Groepsopvang;non-subventionné;Niet-gesubsidieerd;Avenue du Port 86;Havenlaan 86;1000;Bruxelles;Brussel;https://www.kindengezin.be/nl/thema/kinderopvang-en-naar-school/zoek-een-opvang;https://www.kindengezin.be/nl/thema/kinderopvang-en-naar-school/zoek-een-opvang;googlemaps0%2C4.348662800000487;https://www.google.com/maps/@?api=1&map_action=pano&viewpoint=50.86480190000223%2C4.348662800000487;50.8648019, 4.3486628;"{""coordinates"": [4.3486628, 50.8648019], ""type"": ""Point""}";Kind&Gezin;2025-12-17T01:00:00+01:00
ONE;Le Trefle A  Quatre Feuilles V;Le Trefle A  Quatre Feuilles V;Crèche ou accueillant.e francophone non-subventionnée;Niet-gesubsidieerde Franstalige crèche of onthaalouder;Français;Frans;;;Crèche;Crèche;non-subventionné;Niet-gesubsidieerd;avenue de cortenbergh 172;kortenberglaan 172;1000;Bruxelles;Brussel;www.esedraservices.com;www.esedraservices.com;googlemaps0%2C4.391461697099352;https://www.google.com/maps/@?api=1&map_action=pano&viewpoint=50.845922527770185%2C4.391461697099352;50.8459225278, 4.3914616971;"{""coordinates"": [4.3914616971, 50.8459225278], ""type"": ""Point""}";ONE;2026-03-03T01:00:00+01:00
ONE;La Maison d'Enfants d'Actiris site 4;La Maison d'Enfants d'Actiris site 4;Crèche ou accueillant.e francophone non-subventionnée;Niet-gesubsidieerde Franstalige crèche of onthaalouder;Français;Frans;;;Crèche;Crèche;non-subventionné;Niet-gesubsidieerd;boulevard du midi 33;zuidlaan 33;1000;Bruxelles;Brussel;https://my.one.be/milieu-accueil/194040;https://my.one.be/milieu-accueil/194040;googlemaps0%2C4.3402523845147325;https://www.google.com/maps/@?api=1&map_action=pano&viewpoint=50.842591547650535%2C4.3402523845147325;50.8425915477, 4.3402523845;"{""coordinates"": [4.3402523845, 50.8425915477], ""type"": ""Point""}";ONE;2026-03-03T01:00:00+01:00
ONE;Les Petits Pas;Les Petits Pas;Crèche ou accueillant.e francophone subventionnée;Gesubsidieerde Franstalige crèche of onthaalouder;Français;Frans;;;Crèche;Crèche;subventionné;Gesubsidieerd;rue vanderhaegen 34;vanderhaegenstraat 34;1000;Bruxelles;Brussel;https://creches.brussels.be/fr;https://creches.brussels.be/fr;googlemaps0%2C4.3446976384547975;https://www.google.com/maps/@?api=1&map_action=pano&viewpoint=50.8390537721738%2C4.3446976384547975;50.8390537722, 4.3446976385;"{""coordinates"": [4.3446976385, 50.8390537722], ""type"": ""Point""}";ONE;2026-03-03T01:00:00+01:00
ONE;LES JARDINS DE MAUD;LES JARDINS DE MAUD;Crèche ou accueillant.e francophone non-subventionnée;Niet-gesubsidieerde Franstalige crèche of onthaalouder;Français;Frans;;;Halte-accueil;Occasionele opvang;non-subventionné;Niet-gesubsidieerd;rue de la roue 49;radstraat 49;1000;Bruxelles;Brussel;http://lesjardinsdemaud.be/;http://lesjardinsdemaud.be/;googlemaps0%2C4.347031482362651;https://www.google.com/maps/@?api=1&map_action=pano&viewpoint=50.841349421533025%2C4.347031482362651;50.8413494215, 4.3470314824;"{""coordinates"": [4.3470314824, 50.8413494215], ""type"": ""Point""}";ONE;2026-03-03T01:00:00+01:00
ONE;Etoile du Nord;Etoile du Nord;Crèche ou accueillant.e francophone subventionnée;Gesubsidieerde Franstalige crèche of onthaalouder;Français;Frans;;;Crèche;Crèche;subventionné;Gesubsidieerd;rue suzanne tassier 77;rue suzanne tassier 77;1000;Bruxelles;Brussel;https://my.one.be/milieu-accueil/5851;https://my.one.be/milieu-accueil/5851;googlemaps0%2C4.382851900000487;https://www.google.com/maps/@?api=1&map_action=pano&viewpoint=50.81385520000236%2C4.382851900000487;50.8138552, 4.3828519;"{""coordinates"": [4.3828519, 50.8138552], ""type"": ""Point""}";ONE;2026-03-03T01:00:00+01:00
ONE;Alix Bauwens;Alix Bauwens;Crèche ou accueillant.e francophone subventionnée;Gesubsidieerde Franstalige crèche of onthaalouder;Français;Frans;;;Crèche;Crèche;subventionné;Gesubsidieerd;rue francois vekemans 48;frans vekemansstraat 48;1120;Bruxelles;Brussel;https://creches.brussels.be/fr;https://creches.brussels.be/fr;googlemaps0%2C4.390080257829226;https://www.google.com/maps/@?api=1&map_action=pano&viewpoint=50.89598074559731%2C4.390080257829226;50.8959807456, 4.3900802578;"{""coordinates"": [4.3900802578, 50.8959807456], ""type"": ""Point""}";ONE;2026-03-03T01:00:00+01:00
ONE;Heysel;Heysel;Crèche ou accueillant.e francophone subventionnée;Gesubsidieerde Franstalige crèche of onthaalouder;Français;Frans;;;Crèche;Crèche;subventionné;Gesubsidieerd;rue du heysel 3;heizelstraat 3;1020;Bruxelles;Brussel;https://creches.brussels.be/fr;https://creches.brussels.be/fr;googlemaps0%2C4.34229731896406;https://www.google.com/maps/@?api=1&map_action=pano&viewpoint=50.89172160718404%2C4.34229731896406;50.8917216072, 4.342297319;"{""coordinates"": [4.342297319, 50.8917216072], ""type"": ""Point""}";ONE;2026-03-03T01:00:00+01:00
ONE;Espaces Enfance 6;Espaces Enfance 6;Crèche ou accueillant.e francophone subventionnée;Gesubsidieerde Franstalige crèche of onthaalouder;Français;Frans;;;Crèche;Crèche;subventionné;Gesubsidieerd;rue du miroir 7;spiegelstraat 7;1000;Bruxelles;Brussel;https://my.one.be/milieu-accueil/6671;https://my.one.be/milieu-accueil/6671;googlemaps0%2C4.347219502182429;https://www.google.com/maps/@?api=1&map_action=pano&viewpoint=50.84019719053555%2C4.347219502182429;50.8401971905, 4.3472195022;"{""coordinates"": [4.3472195022, 50.8401971905], ""type"": ""Point""}";ONE;2026-03-03T01:00:00+01:00
ONE;Les Globe Trotteurs;Les Globe Trotteurs;Crèche ou accueillant.e francophone subventionnée;Gesubsidieerde Franstalige crèche of onthaalouder;Français;Frans;;;Crèche;Crèche;subventionné;Gesubsidieerd;rue des six jetons 38;zespenningenstraat 38;1000;Bruxelles;Brussel;https://creches.brussels.be;https://creches.brussels.be;googlemaps0%2C4.345360135295341;https://www.google.com/maps/@?api=1&map_action=pano&viewpoint=50.846181828170195%2C4.345360135295341;50.8461818282, 4.3453601353;"{""coordinates"": [4.3453601353, 50.8461818282], ""type"": ""Point""}";ONE;2026-03-03T01:00:00+01:00
ONE;Alexandre Bosquet;Alexandre Bosquet;Crèche ou accueillant.e francophone subventionnée;Gesubsidieerde Franstalige crèche of onthaalouder;Français;Frans;;;Crèche;Crèche;subventionné;Gesubsidieerd;rue du canal 51;vaartstraat 51;1000;Bruxelles;Brussel;https://creches.brussels.be/fr;https://creches.brussels.be/fr;googlemaps0%2C4.349961202879945;https://www.google.com/maps/@?api=1&map_action=pano&viewpoint=50.854921951379794%2C4.349961202879945;50.8549219514, 4.3499612029;"{""coordinates"": [4.3499612029, 50.8549219514], ""type"": ""Point""}";ONE;2026-03-03T01:00:00+01:00
ONE;L'Horizon;L'Horizon;Crèche ou accueillant.e francophone subventionnée;Gesubsidieerde Franstalige crèche of onthaalouder;Français;Frans;;;Crèche;Crèche;subventionné;Gesubsidieerd;place joseph benoit willems 11;joseph benoit willemsplein 11;1020;Bruxelles;Brussel;https://creches.brussels.be/fr;https://creches.brussels.be/fr;googlemaps0%2C4.350327794860636;https://www.google.com/maps/@?api=1&map_action=pano&viewpoint=50.87548020194577%2C4.350327794860636;50.8754802019, 4.3503277949;"{""coordinates"": [4.3503277949, 50.8754802019], ""type"": ""Point""}";ONE;2026-03-03T01:00:00+01:00
ONE;Maureen Dor;Maureen Dor;Crèche ou accueillant.e francophone subventionnée;Gesubsidieerde Franstalige crèche of onthaalouder;Français;Frans;;;Crèche;Crèche;subventionné;Gesubsidieerd;rue d anderlecht 147;anderlechtsesteenweg 147;1000;Bruxelles;Brussel;https://creches.brussels.be;https://creches.brussels.be;googlemaps0%2C4.340812433315886;https://www.google.com/maps/@?api=1&map_action=pano&viewpoint=50.84554448542099%2C4.340812433315886;50.8455444854, 4.3408124333;"{""coordinates"": [4.3408124333, 50.8455444854], ""type"": ""Point""}";ONE;2026-03-03T01:00:00+01:00
